Workbook

Sheet 00_Exam_Instructions
A1: ข้อสอบปฏิบัติการ: K-Means Clustering ด้วย Min-Max Normalization (K=3, 3 รอบ) 【ฉบับเฉลยสำหรับอาจารย์ผู้ตรวจ - INSTRUCTOR KEY】
A3: วิชา: Machine Learning / Data Mining (ข้อสอบภาคปฏิบัติการวิเคราะห์ข้อมูลด้วย Microsoft Excel)
A4: คำสั่งและข้อตกลงในการทำข้อสอบ:
A5: 1. ให้แสดงวิธีทำทุกขั้นตอนลงในแผ่นงาน (Worksheet) แต่ละแผ่นอย่างเคร่งครัด
A6: 2. เซลล์สีเหลือง + ตัวเลขสีน้ำเงิน = ข้อมูลและค่าคงที่โจทย์กำหนด ห้ามแก้ไข
A7: 3. เซลล์สีเหลืองว่าง = เซลล์ที่นักศึกษาต้องพิมพ์ 'สูตรคำนวณ Excel' ลงไป ห้ามพิมพ์ตัวเลขตรงๆ (Hard-code)
A8: 4. การอ้างอิงตำแหน่งเซลล์ต้องใช้การตรึงเซลล์ ($) ให้ถูกต้อง เพื่อให้สามารถคัดลอกสูตร (Drag-fill) ได้อย่างแม่นยำ
A9: 5. ค่าตัวเลขทศนิยมให้แสดงทศนิยม 4 ตำแหน่ง (เช่น 0.1234)
A10: โครงสร้างข้อสอบ (คะแนนเต็ม 100 คะแนน):
A11: • แผ่นงาน 01 (01_MinMax_Scaling): การคำนวณสถิติพื้นฐาน และทำ Min-Max Normalization (20 คะแนน)
A12: • แผ่นงาน 02 (02_KMeans_Iteration_1): การจัดกลุ่ม K-Means รอบที่ 1, คำนวณ WCSS, และหา Centroid ใหม่ (25 คะแนน)
A13: • แผ่นงาน 03 (03_KMeans_Iteration_2): การจัดกลุ่ม K-Means รอบที่ 2 จาก Centroid ใหม่ของรอบ 1 (25 คะแนน)
... A22: • Convergence Check: คลัสเตอร์ไม่เปลี่ยนกลุ่ม และ Centroids หยุดการเคลื่อนที่ (ΔC = 0)

Sheet 01_MinMax_Scaling
A1: ตอนที่ 1: การเตรียมข้อมูลและการทำ Min-Max Feature Scaling (ช่วง 0 ถึง 1)
A3: 【ตารางที่ 1.1: ข้อมูลดิบของลูกค้า 9 ราย (Raw Data: อายุ และ รายได้ต่อเดือน)】 | F3: 【ตารางที่ 1.2: ข้อมูลหลังทำ Min-Max Normalization: สูตร (X - Min) / Range】
A5: รหัสลูกค้า | B5: ชื่อลูกค้า | C5: อายุ (X1, ปี) | D5: รายได้ (X2, บาท) | F5: รหัส | G5: Age_Norm (0-1) | H5: Income_Norm (0-1) | I5: สูตร Excel ที่ใช้คำนวณ
A6: P1 | B6: สมคิด | C6: 20 | D6: 15000 | F6: P1 | G6: =(C6-$C$17)/$C$19 | H6: =(D6-$D$17)/$D$19 | I6: =(C6-$C$17)/$C$19 | =(D6-$D$17)/$D$19
A7: P2 | B7: สมชาย | C7: 24 | D7: 25000 | F7: P2 | G7: =(C7-$C$17)/$C$19 | H7: =(D7-$D$17)/$D$19 | I7: =(C7-$C$17)/$C$19 | =(D7-$D$17)/$D$19
A8: P3 | B8: สมหมาย | C8: 28 | D8: 20000 | F8: P3 | G8: =(C8-$C$17)/$C$19 | H8: =(D8-$D$17)/$D$19 | I8: =(C8-$C$17)/$C$19 | =(D8-$D$17)/$D$19
A9: P4 | B9: กานดา | C9: 36 | D9: 40000 | F9: P4 | G9: =(C9-$C$17)/$C$19 | H9: =(D9-$D$17)/$D$19 | I9: =(C9-$C$17)/$C$19 | =(D9-$D$17)/$D$19
A10: P5 | B10: เกศรา | C10: 40 | D10: 40000 | F10: P5 | G10: =(C10-$C$17)/$C$19 | H10: =(D10-$D$17)/$D$19 | I10: =(C10-$C$17)/$C$19 | =(D10-$D$17)/$D$19
A11: P6 | B11: ขวัญใจ | C11: 44 | D11: 45000 | F11: P6 | G11: =(C11-$C$17)/$C$19 | H11: =(D11-$D$17)/$D$19 | I11: =(C11-$C$17)/$C$19 | =(D11-$D$17)/$D$19
A12: P7 | B12: ฉัตรชัย | C12: 52 | D12: 60000 | F12: P7 | G12: =(C12-$C$17)/$C$19 | H12: =(D12-$D$17)/$D$19 | I12: =(C12-$C$17)/$C$19 | =(D12-$D$17)/$D$19
A13: P8 | B13: ชัยวัฒน์ | C13: 56 | D13: 55000 | F13: P8 | G13: =(C13-$C$17)/$C$19 | H13: =(D13-$D$17)/$D$19 | I13: =(C13-$C$17)/$C$19 | =(D13-$D$17)/$D$19
A14: P9 | B14: ชูศักดิ์ | C14: 60 | D14: 65000 | F14: P9 | G14: =(C14-$C$17)/$C$19 | H14: =(D14-$D$17)/$D$19 | I14: =(C14-$C$17)/$C$19 | =(D14-$D$17)/$D$19
A16: ค่าทางสถิติ (Statistics) | B16: สูตร Excel | C16: อายุ (X1, ปี) | D16: รายได้ (X2, บาท)
A17: Min (ค่าน้อยสุด) | B17: =MIN(C6:C14) | =MIN(D6:D14) | C17: =MIN(C6:C14) | D17: =MIN(D6:D14)
A18: Max (ค่ามากสุด) | B18: =MAX(C6:C14) | =MAX(D6:D14) | C18: =MAX(C6:C14) | D18: =MAX(D6:D14)
A19: Range (พิสัย = Max - Min) | B19: =C18-C17 | =D18-D17 | C19: =C18-C17 | D19: =D18-D17
A22: 【ตารางที่ 1.3: จุดศูนย์กลางเริ่มต้นที่โจทย์กำหนด (Initial Centroids t=0 จากตัวอย่าง P1, P5, P9)】
A23: Centroid | B23: จากจุด | C23: ชื่อตัวอย่าง | D23: อายุจริง | E23: รายได้จริง | F23: X1_norm (เริ่มต้น) | G23: X2_norm (เริ่มต้น) | H23: นิยามกลุ่มลูกค้า
A24: C1 (กลุ่ม 1) | B24: P1 | C24: สมคิด | D24: 20 | E24: 15000 | F24: =G6 | G24: =H6 | H24: กลุ่มวัยเริ่มทำงาน รายได้เริ่มต้น (Young - Entry Level)
A25: C2 (กลุ่ม 2) | B25: P5 | C25: เกศรา | D25: 40 | E25: 40000 | F25: =G10 | G25: =H10 | H25: กลุ่มวัยทำงานมั่นคง รายได้ปานกลาง (Mid-Career - Moderate)
A26: C3 (กลุ่ม 3) | B26: P9 | C26: ชูศักดิ์ | D26: 60 | E26: 65000 | F26: =G14 | G26: =H14 | H26: กลุ่มวัยผู้ใหญ่ รายได้ระดับสูง (Senior - High Income)

Sheet 02_KMeans_Iteration_1
A1: ตอนที่ 2: การคำนวณ K-Means รอบที่ 1 (Iteration 1) (เฉลย)
A3: 【ตารางที่ 1.1: จุดศูนย์กลาง Centroids ที่ใช้ในรอบที่ 1 (Initial Seeds t=0: P1, P5, P9 จากชีต 01)】
A4: Centroid | B4: X1_norm (แกนอายุ) | C4: X2_norm (แกนรายได้) | D4: แหล่งที่มาของค่าพิกัด
A5: C1 | B5: ='01_MinMax_Scaling'!F24 | C5: ='01_MinMax_Scaling'!G24 | D5: พิกัด C1 ต้นรอบที่ 1 (อ้างอิง: ='01_MinMax_Scaling'!F24)
A6: C2 | B6: ='01_MinMax_Scaling'!F25 | C6: ='01_MinMax_Scaling'!G25 | D6: พิกัด C2 ต้นรอบที่ 1 (อ้างอิง: ='01_MinMax_Scaling'!F25)
A7: C3 | B7: ='01_MinMax_Scaling'!F26 | C7: ='01_MinMax_Scaling'!G26 | D7: พิกัด C3 ต้นรอบที่ 1 (อ้างอิง: ='01_MinMax_Scaling'!F26)
A9: 【ตารางที่ 1.2: คำนวณระยะทาง Euclidean สู่ Centroid, การจัดกลุ่ม (Assignment), และ WCSS】
A10: รหัส | B10: ชื่อลูกค้า | C10: Age_Norm (X1) | D10: Income_Norm (X2) | E10: d(P, C1) | F10: d(P, C2) | G10: d(P, C3) | H10: กลุ่มที่ได้ (Cluster) | I10: d_min² | J10: สถานะกลุ่ม / คำอธิบาย
A11: P1 | B11: สมคิด | C11: ='01_MinMax_Scaling'!G6 | D11: ='01_MinMax_Scaling'!H6 | E11: =SQRT((C11-$B$5)^2 + (D11-$C$5)^2) | F11: =SQRT((C11-$B$6)^2 + (D11-$C$6)^2) | G11: =SQRT((C11-$B$7)^2 + (D11-$C$7)^2) | H11: =IF(AND(E11<=F11, E11<=G11), 1, IF(F11<=G11, 2, 3)) | I11: =MIN(E11:G11)^2 | J11: =IF(H11=1, "กลุ่ม 1 (C1)", IF(H11=2, "กลุ่ม 2 (C2)", "กลุ่ม 3 (C3)"))
A12: P2 | B12: สมชาย | C12: ='01_MinMax_Scaling'!G7 | D12: ='01_MinMax_Scaling'!H7 | E12: =SQRT((C12-$B$5)^2 + (D12-$C$5)^2) | F12: =SQRT((C12-$B$6)^2 + (D12-$C$6)^2) | G12: =SQRT((C12-$B$7)^2 + (D12-$C$7)^2) | H12: =IF(AND(E12<=F12, E12<=G12), 1, IF(F12<=G12, 2, 3)) | I12: =MIN(E12:G12)^2 | J12: =IF(H12=1, "กลุ่ม 1 (C1)", IF(H12=2, "กลุ่ม 2 (C2)", "กลุ่ม 3 (C3)"))
A13: P3 | B13: สมหมาย | C13: ='01_MinMax_Scaling'!G8 | D13: ='01_MinMax_Scaling'!H8 | E13: =SQRT((C13-$B$5)^2 + (D13-$C$5)^2) | F13: =SQRT((C13-$B$6)^2 + (D13-$C$6)^2) | G13: =SQRT((C13-$B$7)^2 + (D13-$C$7)^2) | H13: =IF(AND(E13<=F13, E13<=G13), 1, IF(F13<=G13, 2, 3)) | I13: =MIN(E13:G13)^2 | J13: =IF(H13=1, "กลุ่ม 1 (C1)", IF(H13=2, "กลุ่ม 2 (C2)", "กลุ่ม 3 (C3)"))
A14: P4 | B14: กานดา | C14: ='01_MinMax_Scaling'!G9 | D14: ='01_MinMax_Scaling'!H9 | E14: =SQRT((C14-$B$5)^2 + (D14-$C$5)^2) | F14: =SQRT((C14-$B$6)^2 + (D14-$C$6)^2) | G14: =SQRT((C14-$B$7)^2 + (D14-$C$7)^2) | H14: =IF(AND(E14<=F14, E14<=G14), 1, IF(F14<=G14, 2, 3)) | I14: =MIN(E14:G14)^2 | J14: =IF(H14=1, "กลุ่ม 1 (C1)", IF(H14=2, "กลุ่ม 2 (C2)", "กลุ่ม 3 (C3)"))
A15: P5 | B15: เกศรา | C15: ='01_MinMax_Scaling'!G10 | D15: ='01_MinMax_Scaling'!H10 | E15: =SQRT((C15-$B$5)^2 + (D15-$C$5)^2) | F15: =SQRT((C15-$B$6)^2 + (D15-$C$6)^2) | G15: =SQRT((C15-$B$7)^2 + (D15-$C$7)^2) | H15: =IF(AND(E15<=F15, E15<=G15), 1, IF(F15<=G15, 2, 3)) | I15: =MIN(E15:G15)^2 | J15: =IF(H15=1, "กลุ่ม 1 (C1)", IF(H15=2, "กลุ่ม 2 (C2)", "กลุ่ม 3 (C3)"))
A16: P6 | B16: ขวัญใจ | C16: ='01_MinMax_Scaling'!G11 | D16: ='01_MinMax_Scaling'!H11 | E16: =SQRT((C16-$B$5)^2 + (D16-$C$5)^2) | F16: =SQRT((C16-$B$6)^2 + (D16-$C$6)^2) | G16: =SQRT((C16-$B$7)^2 + (D16-$C$7)^2) | H16: =IF(AND(E16<=F16, E16<=G16), 1, IF(F16<=G16, 2, 3)) | I16: =MIN(E16:G16)^2 | J16: =IF(H16=1, "กลุ่ม 1 (C1)", IF(H16=2, "กลุ่ม 2 (C2)", "กลุ่ม 3 (C3)"))
A17: P7 | B17: ฉัตรชัย | C17: ='01_MinMax_Scaling'!G12 | D17: ='01_MinMax_Scaling'!H12 | E17: =SQRT((C17-$B$5)^2 + (D17-$C$5)^2) | F17: =SQRT((C17-$B$6)^2 + (D17-$C$6)^2) | G17: =SQRT((C17-$B$7)^2 + (D17-$C$7)^2) | H17: =IF(AND(E17<=F17, E17<=G17), 1, IF(F17<=G17, 2, 3)) | I17: =MIN(E17:G17)^2 | J17: =IF(H17=1, "กลุ่ม 1 (C1)", IF(H17=2, "กลุ่ม 2 (C2)", "กลุ่ม 3 (C3)"))
A18: P8 | B18: ชัยวัฒน์ | C18: ='01_MinMax_Scaling'!G13 | D18: ='01_MinMax_Scaling'!H13 | E18: =SQRT((C18-$B$5)^2 + (D18-$C$5)^2) | F18: =SQRT((C18-$B$6)^2 + (D18-$C$6)^2) | G18: =SQRT((C18-$B$7)^2 + (D18-$C$7)^2) | H18: =IF(AND(E18<=F18, E18<=G18), 1, IF(F18<=G18, 2, 3)) | I18: =MIN(E18:G18)^2 | J18: =IF(H18=1, "กลุ่ม 1 (C1)", IF(H18=2, "กลุ่ม 2 (C2)", "กลุ่ม 3 (C3)"))
A19: P9 | B19: ชูศักดิ์ | C19: ='01_MinMax_Scaling'!G14 | D19: ='01_MinMax_Scaling'!H14 | E19: =SQRT((C19-$B$5)^2 + (D19-$C$5)^2) | F19: =SQRT((C19-$B$6)^2 + (D19-$C$6)^2) | G19: =SQRT((C19-$B$7)^2 + (D19-$C$7)^2) | H19: =IF(AND(E19<=F19, E19<=G19), 1, IF(F19<=G19, 2, 3)) | I19: =MIN(E19:G19)^2 | J19: =IF(H19=1, "กลุ่ม 1 (C1)", IF(H19=2, "กลุ่ม 2 (C2)", "กลุ่ม 3 (C3)"))
A20: ผลรวม WCSS รอบที่ 1 (Inertia = ∑ d_min²): | I20: =SUM(I11:I19) | J20: ค่าเริ่มต้นรอบ 1
A22: 【ตารางที่ 1.3: การคำนวณจุดศูนย์กลางใหม่หลังจบรอบที่ 1 (Update Centroids: หาค่าเฉลี่ย AVERAGEIF)】
A23: Centroid ใหม่ | B23: จำนวนสมาชิก (N) | C23: X1_norm ใหม่ (เฉลี่ย) | D23: X2_norm ใหม่ (เฉลี่ย) | E23: สูตร Excel ที่ใช้ | F23: การเคลื่อนที่ (Shift)
A24: C1 (ใหม่) | B24: =COUNTIF($H$11:$H$19, 1) | C24: =AVERAGEIF($H$11:$H$19, 1, C$11:C$19) | D24: =AVERAGEIF($H$11:$H$19, 1, D$11:D$19) | E24: =AVERAGEIF($H$11:$H$19, 1, C$11:C$19) | F24: =SQRT((C24-$B$5)^2 + (D24-$C$5)^2)
A25: C2 (ใหม่) | B25: =COUNTIF($H$11:$H$19, 2) | C25: =AVERAGEIF($H$11:$H$19, 2, C$11:C$19) | D25: =AVERAGEIF($H$11:$H$19, 2, D$11:D$19) | E25: =AVERAGEIF($H$11:$H$19, 2, C$11:C$19) | F25: =SQRT((C25-$B$6)^2 + (D25-$C$6)^2)
A26: C3 (ใหม่) | B26: =COUNTIF($H$11:$H$19, 3) | C26: =AVERAGEIF($H$11:$H$19, 3, C$11:C$19) | D26: =AVERAGEIF($H$11:$H$19, 3, D$11:D$19) | E26: =AVERAGEIF($H$11:$H$19, 3, C$11:C$19) | F26: =SQRT((C26-$B$7)^2 + (D26-$C$7)^2)

Sheet 03_KMeans_Iteration_2
A1: ตอนที่ 3: การคำนวณ K-Means รอบที่ 2 (Iteration 2) (เฉลย)
A3: 【ตารางที่ 2.1: จุดศูนย์กลาง Centroids ที่ใช้ในรอบที่ 2 (Updated Centroids จาก New C1, C2, C3 ของรอบที่ 1)】
A4: Centroid | B4: X1_norm (แกนอายุ) | C4: X2_norm (แกนรายได้) | D4: แหล่งที่มาของค่าพิกัด
A5: C1 | B5: ='02_KMeans_Iteration_1'!C24 | C5: ='02_KMeans_Iteration_1'!D24 | D5: พิกัด C1 ต้นรอบที่ 2 (อ้างอิง: ='02_KMeans_Iteration_1'!C24)
A6: C2 | B6: ='02_KMeans_Iteration_1'!C25 | C6: ='02_KMeans_Iteration_1'!D25 | D6: พิกัด C2 ต้นรอบที่ 2 (อ้างอิง: ='02_KMeans_Iteration_1'!C25)
A7: C3 | B7: ='02_KMeans_Iteration_1'!C26 | C7: ='02_KMeans_Iteration_1'!D26 | D7: พิกัด C3 ต้นรอบที่ 2 (อ้างอิง: ='02_KMeans_Iteration_1'!C26)
A9: 【ตารางที่ 2.2: คำนวณระยะทาง Euclidean สู่ Centroid, การจัดกลุ่ม (Assignment), และ WCSS】
A10: รหัส | B10: ชื่อลูกค้า | C10: Age_Norm (X1) | D10: Income_Norm (X2) | E10: d(P, C1) | F10: d(P, C2) | G10: d(P, C3) | H10: กลุ่มที่ได้ (Cluster) | I10: d_min² | J10: สถานะกลุ่ม / คำอธิบาย
A11: P1 | B11: สมคิด | C11: ='01_MinMax_Scaling'!G6 | D11: ='01_MinMax_Scaling'!H6 | E11: =SQRT((C11-$B$5)^2 + (D11-$C$5)^2) | F11: =SQRT((C11-$B$6)^2 + (D11-$C$6)^2) | G11: =SQRT((C11-$B$7)^2 + (D11-$C$7)^2) | H11: =IF(AND(E11<=F11, E11<=G11), 1, IF(F11<=G11, 2, 3)) | I11: =MIN(E11:G11)^2 | J11: =IF(H11='02_KMeans_Iteration_1'!H11, "✓ คงเดิม (กลุ่ม " & H11 & ")", "⚠️ เปลี่ยนกลุ่มเป็น " & H11)
A12: P2 | B12: สมชาย | C12: ='01_MinMax_Scaling'!G7 | D12: ='01_MinMax_Scaling'!H7 | E12: =SQRT((C12-$B$5)^2 + (D12-$C$5)^2) | F12: =SQRT((C12-$B$6)^2 + (D12-$C$6)^2) | G12: =SQRT((C12-$B$7)^2 + (D12-$C$7)^2) | H12: =IF(AND(E12<=F12, E12<=G12), 1, IF(F12<=G12, 2, 3)) | I12: =MIN(E12:G12)^2 | J12: =IF(H12='02_KMeans_Iteration_1'!H12, "✓ คงเดิม (กลุ่ม " & H12 & ")", "⚠️ เปลี่ยนกลุ่มเป็น " & H12)
A13: P3 | B13: สมหมาย | C13: ='01_MinMax_Scaling'!G8 | D13: ='01_MinMax_Scaling'!H8 | E13: =SQRT((C13-$B$5)^2 + (D13-$C$5)^2) | F13: =SQRT((C13-$B$6)^2 + (D13-$C$6)^2) | G13: =SQRT((C13-$B$7)^2 + (D13-$C$7)^2) | H13: =IF(AND(E13<=F13, E13<=G13), 1, IF(F13<=G13, 2, 3)) | I13: =MIN(E13:G13)^2 | J13: =IF(H13='02_KMeans_Iteration_1'!H13, "✓ คงเดิม (กลุ่ม " & H13 & ")", "⚠️ เปลี่ยนกลุ่มเป็น " & H13)
A14: P4 | B14: กานดา | C14: ='01_MinMax_Scaling'!G9 | D14: ='01_MinMax_Scaling'!H9 | E14: =SQRT((C14-$B$5)^2 + (D14-$C$5)^2) | F14: =SQRT((C14-$B$6)^2 + (D14-$C$6)^2) | G14: =SQRT((C14-$B$7)^2 + (D14-$C$7)^2) | H14: =IF(AND(E14<=F14, E14<=G14), 1, IF(F14<=G14, 2, 3)) | I14: =MIN(E14:G14)^2 | J14: =IF(H14='02_KMeans_Iteration_1'!H14, "✓ คงเดิม (กลุ่ม " & H14 & ")", "⚠️ เปลี่ยนกลุ่มเป็น " & H14)
A15: P5 | B15: เกศรา | C15: ='01_MinMax_Scaling'!G10 | D15: ='01_MinMax_Scaling'!H10 | E15: =SQRT((C15-$B$5)^2 + (D15-$C$5)^2) | F15: =SQRT((C15-$B$6)^2 + (D15-$C$6)^2) | G15: =SQRT((C15-$B$7)^2 + (D15-$C$7)^2) | H15: =IF(AND(E15<=F15, E15<=G15), 1, IF(F15<=G15, 2, 3)) | I15: =MIN(E15:G15)^2 | J15: =IF(H15='02_KMeans_Iteration_1'!H15, "✓ คงเดิม (กลุ่ม " & H15 & ")", "⚠️ เปลี่ยนกลุ่มเป็น " & H15)
A16: P6 | B16: ขวัญใจ | C16: ='01_MinMax_Scaling'!G11 | D16: ='01_MinMax_Scaling'!H11 | E16: =SQRT((C16-$B$5)^2 + (D16-$C$5)^2) | F16: =SQRT((C16-$B$6)^2 + (D16-$C$6)^2) | G16: =SQRT((C16-$B$7)^2 + (D16-$C$7)^2) | H16: =IF(AND(E16<=F16, E16<=G16), 1, IF(F16<=G16, 2, 3)) | I16: =MIN(E16:G16)^2 | J16: =IF(H16='02_KMeans_Iteration_1'!H16, "✓ คงเดิม (กลุ่ม " & H16 & ")", "⚠️ เปลี่ยนกลุ่มเป็น " & H16)
A17: P7 | B17: ฉัตรชัย | C17: ='01_MinMax_Scaling'!G12 | D17: ='01_MinMax_Scaling'!H12 | E17: =SQRT((C17-$B$5)^2 + (D17-$C$5)^2) | F17: =SQRT((C17-$B$6)^2 + (D17-$C$6)^2) | G17: =SQRT((C17-$B$7)^2 + (D17-$C$7)^2) | H17: =IF(AND(E17<=F17, E17<=G17), 1, IF(F17<=G17, 2, 3)) | I17: =MIN(E17:G17)^2 | J17: =IF(H17='02_KMeans_Iteration_1'!H17, "✓ คงเดิม (กลุ่ม " & H17 & ")", "⚠️ เปลี่ยนกลุ่มเป็น " & H17)
A18: P8 | B18: ชัยวัฒน์ | C18: ='01_MinMax_Scaling'!G13 | D18: ='01_MinMax_Scaling'!H13 | E18: =SQRT((C18-$B$5)^2 + (D18-$C$5)^2) | F18: =SQRT((C18-$B$6)^2 + (D18-$C$6)^2) | G18: =SQRT((C18-$B$7)^2 + (D18-$C$7)^2) | H18: =IF(AND(E18<=F18, E18<=G18), 1, IF(F18<=G18, 2, 3)) | I18: =MIN(E18:G18)^2 | J18: =IF(H18='02_KMeans_Iteration_1'!H18, "✓ คงเดิม (กลุ่ม " & H18 & ")", "⚠️ เปลี่ยนกลุ่มเป็น " & H18)
A19: P9 | B19: ชูศักดิ์ | C19: ='01_MinMax_Scaling'!G14 | D19: ='01_MinMax_Scaling'!H14 | E19: =SQRT((C19-$B$5)^2 + (D19-$C$5)^2) | F19: =SQRT((C19-$B$6)^2 + (D19-$C$6)^2) | G19: =SQRT((C19-$B$7)^2 + (D19-$C$7)^2) | H19: =IF(AND(E19<=F19, E19<=G19), 1, IF(F19<=G19, 2, 3)) | I19: =MIN(E19:G19)^2 | J19: =IF(H19='02_KMeans_Iteration_1'!H19, "✓ คงเดิม (กลุ่ม " & H19 & ")", "⚠️ เปลี่ยนกลุ่มเป็น " & H19)
A20: ผลรวม WCSS รอบที่ 2 (Inertia = ∑ d_min²): | I20: =SUM(I11:I19) | J20: ='02_KMeans_Iteration_1'!I20 - I20
A22: 【ตารางที่ 2.3: การคำนวณจุดศูนย์กลางใหม่หลังจบรอบที่ 2 (Update Centroids: หาค่าเฉลี่ย AVERAGEIF)】
A23: Centroid ใหม่ | B23: จำนวนสมาชิก (N) | C23: X1_norm ใหม่ (เฉลี่ย) | D23: X2_norm ใหม่ (เฉลี่ย) | E23: สูตร Excel ที่ใช้ | F23: การเคลื่อนที่ (Shift)
A24: C1 (ใหม่) | B24: =COUNTIF($H$11:$H$19, 1) | C24: =AVERAGEIF($H$11:$H$19, 1, C$11:C$19) | D24: =AVERAGEIF($H$11:$H$19, 1, D$11:D$19) | E24: =AVERAGEIF($H$11:$H$19, 1, C$11:C$19) | F24: =SQRT((C24-$B$5)^2 + (D24-$C$5)^2)
A25: C2 (ใหม่) | B25: =COUNTIF($H$11:$H$19, 2) | C25: =AVERAGEIF($H$11:$H$19, 2, C$11:C$19) | D25: =AVERAGEIF($H$11:$H$19, 2, D$11:D$19) | E25: =AVERAGEIF($H$11:$H$19, 2, C$11:C$19) | F25: =SQRT((C25-$B$6)^2 + (D25-$C$6)^2)
A26: C3 (ใหม่) | B26: =COUNTIF($H$11:$H$19, 3) | C26: =AVERAGEIF($H$11:$H$19, 3, C$11:C$19) | D26: =AVERAGEIF($H$11:$H$19, 3, D$11:D$19) | E26: =AVERAGEIF($H$11:$H$19, 3, C$11:C$19) | F26: =SQRT((C26-$B$7)^2 + (D26-$C$7)^2)

Sheet 04_KMeans_Iteration_3
A1: ตอนที่ 4: การคำนวณ K-Means รอบที่ 3 (Iteration 3) (เฉลย)
A3: 【ตารางที่ 3.1: จุดศูนย์กลาง Centroids ที่ใช้ในรอบที่ 3 (Updated Centroids จาก New C1, C2, C3 ของรอบที่ 2)】
A4: Centroid | B4: X1_norm (แกนอายุ) | C4: X2_norm (แกนรายได้) | D4: แหล่งที่มาของค่าพิกัด
A5: C1 | B5: ='03_KMeans_Iteration_2'!C24 | C5: ='03_KMeans_Iteration_2'!D24 | D5: พิกัด C1 ต้นรอบที่ 3 (อ้างอิง: ='03_KMeans_Iteration_2'!C24)
A6: C2 | B6: ='03_KMeans_Iteration_2'!C25 | C6: ='03_KMeans_Iteration_2'!D25 | D6: พิกัด C2 ต้นรอบที่ 3 (อ้างอิง: ='03_KMeans_Iteration_2'!C25)
A7: C3 | B7: ='03_KMeans_Iteration_2'!C26 | C7: ='03_KMeans_Iteration_2'!D26 | D7: พิกัด C3 ต้นรอบที่ 3 (อ้างอิง: ='03_KMeans_Iteration_2'!C26)
A9: 【ตารางที่ 3.2: คำนวณระยะทาง Euclidean สู่ Centroid, การจัดกลุ่ม (Assignment), และ WCSS】
A10: รหัส | B10: ชื่อลูกค้า | C10: Age_Norm (X1) | D10: Income_Norm (X2) | E10: d(P, C1) | F10: d(P, C2) | G10: d(P, C3) | H10: กลุ่มที่ได้ (Cluster) | I10: d_min² | J10: สถานะกลุ่ม / คำอธิบาย
A11: P1 | B11: สมคิด | C11: ='01_MinMax_Scaling'!G6 | D11: ='01_MinMax_Scaling'!H6 | E11: =SQRT((C11-$B$5)^2 + (D11-$C$5)^2) | F11: =SQRT((C11-$B$6)^2 + (D11-$C$6)^2) | G11: =SQRT((C11-$B$7)^2 + (D11-$C$7)^2) | H11: =IF(AND(E11<=F11, E11<=G11), 1, IF(F11<=G11, 2, 3)) | I11: =MIN(E11:G11)^2 | J11: =IF(H11='03_KMeans_Iteration_2'!H11, "✓ คงเดิม (กลุ่ม " & H11 & ")", "⚠️ เปลี่ยนกลุ่มเป็น " & H11)
A12: P2 | B12: สมชาย | C12: ='01_MinMax_Scaling'!G7 | D12: ='01_MinMax_Scaling'!H7 | E12: =SQRT((C12-$B$5)^2 + (D12-$C$5)^2) | F12: =SQRT((C12-$B$6)^2 + (D12-$C$6)^2) | G12: =SQRT((C12-$B$7)^2 + (D12-$C$7)^2) | H12: =IF(AND(E12<=F12, E12<=G12), 1, IF(F12<=G12, 2, 3)) | I12: =MIN(E12:G12)^2 | J12: =IF(H12='03_KMeans_Iteration_2'!H12, "✓ คงเดิม (กลุ่ม " & H12 & ")", "⚠️ เปลี่ยนกลุ่มเป็น " & H12)
A13: P3 | B13: สมหมาย | C13: ='01_MinMax_Scaling'!G8 | D13: ='01_MinMax_Scaling'!H8 | E13: =SQRT((C13-$B$5)^2 + (D13-$C$5)^2) | F13: =SQRT((C13-$B$6)^2 + (D13-$C$6)^2) | G13: =SQRT((C13-$B$7)^2 + (D13-$C$7)^2) | H13: =IF(AND(E13<=F13, E13<=G13), 1, IF(F13<=G13, 2, 3)) | I13: =MIN(E13:G13)^2 | J13: =IF(H13='03_KMeans_Iteration_2'!H13, "✓ คงเดิม (กลุ่ม " & H13 & ")", "⚠️ เปลี่ยนกลุ่มเป็น " & H13)
A14: P4 | B14: กานดา | C14: ='01_MinMax_Scaling'!G9 | D14: ='01_MinMax_Scaling'!H9 | E14: =SQRT((C14-$B$5)^2 + (D14-$C$5)^2) | F14: =SQRT((C14-$B$6)^2 + (D14-$C$6)^2) | G14: =SQRT((C14-$B$7)^2 + (D14-$C$7)^2) | H14: =IF(AND(E14<=F14, E14<=G14), 1, IF(F14<=G14, 2, 3)) | I14: =MIN(E14:G14)^2 | J14: =IF(H14='03_KMeans_Iteration_2'!H14, "✓ คงเดิม (กลุ่ม " & H14 & ")", "⚠️ เปลี่ยนกลุ่มเป็น " & H14)
A15: P5 | B15: เกศรา | C15: ='01_MinMax_Scaling'!G10 | D15: ='01_MinMax_Scaling'!H10 | E15: =SQRT((C15-$B$5)^2 + (D15-$C$5)^2) | F15: =SQRT((C15-$B$6)^2 + (D15-$C$6)^2) | G15: =SQRT((C15-$B$7)^2 + (D15-$C$7)^2) | H15: =IF(AND(E15<=F15, E15<=G15), 1, IF(F15<=G15, 2, 3)) | I15: =MIN(E15:G15)^2 | J15: =IF(H15='03_KMeans_Iteration_2'!H15, "✓ คงเดิม (กลุ่ม " & H15 & ")", "⚠️ เปลี่ยนกลุ่มเป็น " & H15)
A16: P6 | B16: ขวัญใจ | C16: ='01_MinMax_Scaling'!G11 | D16: ='01_MinMax_Scaling'!H11 | E16: =SQRT((C16-$B$5)^2 + (D16-$C$5)^2) | F16: =SQRT((C16-$B$6)^2 + (D16-$C$6)^2) | G16: =SQRT((C16-$B$7)^2 + (D16-$C$7)^2) | H16: =IF(AND(E16<=F16, E16<=G16), 1, IF(F16<=G16, 2, 3)) | I16: =MIN(E16:G16)^2 | J16: =IF(H16='03_KMeans_Iteration_2'!H16, "✓ คงเดิม (กลุ่ม " & H16 & ")", "⚠️ เปลี่ยนกลุ่มเป็น " & H16)
A17: P7 | B17: ฉัตรชัย | C17: ='01_MinMax_Scaling'!G12 | D17: ='01_MinMax_Scaling'!H12 | E17: =SQRT((C17-$B$5)^2 + (D17-$C$5)^2) | F17: =SQRT((C17-$B$6)^2 + (D17-$C$6)^2) | G17: =SQRT((C17-$B$7)^2 + (D17-$C$7)^2) | H17: =IF(AND(E17<=F17, E17<=G17), 1, IF(F17<=G17, 2, 3)) | I17: =MIN(E17:G17)^2 | J17: =IF(H17='03_KMeans_Iteration_2'!H17, "✓ คงเดิม (กลุ่ม " & H17 & ")", "⚠️ เปลี่ยนกลุ่มเป็น " & H17)
A18: P8 | B18: ชัยวัฒน์ | C18: ='01_MinMax_Scaling'!G13 | D18: ='01_MinMax_Scaling'!H13 | E18: =SQRT((C18-$B$5)^2 + (D18-$C$5)^2) | F18: =SQRT((C18-$B$6)^2 + (D18-$C$6)^2) | G18: =SQRT((C18-$B$7)^2 + (D18-$C$7)^2) | H18: =IF(AND(E18<=F18, E18<=G18), 1, IF(F18<=G18, 2, 3)) | I18: =MIN(E18:G18)^2 | J18: =IF(H18='03_KMeans_Iteration_2'!H18, "✓ คงเดิม (กลุ่ม " & H18 & ")", "⚠️ เปลี่ยนกลุ่มเป็น " & H18)
A19: P9 | B19: ชูศักดิ์ | C19: ='01_MinMax_Scaling'!G14 | D19: ='01_MinMax_Scaling'!H14 | E19: =SQRT((C19-$B$5)^2 + (D19-$C$5)^2) | F19: =SQRT((C19-$B$6)^2 + (D19-$C$6)^2) | G19: =SQRT((C19-$B$7)^2 + (D19-$C$7)^2) | H19: =IF(AND(E19<=F19, E19<=G19), 1, IF(F19<=G19, 2, 3)) | I19: =MIN(E19:G19)^2 | J19: =IF(H19='03_KMeans_Iteration_2'!H19, "✓ คงเดิม (กลุ่ม " & H19 & ")", "⚠️ เปลี่ยนกลุ่มเป็น " & H19)
A20: ผลรวม WCSS รอบที่ 3 (Inertia = ∑ d_min²): | I20: =SUM(I11:I19) | J20: ='03_KMeans_Iteration_2'!I20 - I20
A22: 【ตารางที่ 3.3: การคำนวณจุดศูนย์กลางใหม่หลังจบรอบที่ 3 (Update Centroids: หาค่าเฉลี่ย AVERAGEIF)】
A23: Centroid ใหม่ | B23: จำนวนสมาชิก (N) | C23: X1_norm ใหม่ (เฉลี่ย) | D23: X2_norm ใหม่ (เฉลี่ย) | E23: สูตร Excel ที่ใช้ | F23: การเคลื่อนที่ (Shift)
A24: C1 (ใหม่) | B24: =COUNTIF($H$11:$H$19, 1) | C24: =AVERAGEIF($H$11:$H$19, 1, C$11:C$19) | D24: =AVERAGEIF($H$11:$H$19, 1, D$11:D$19) | E24: =AVERAGEIF($H$11:$H$19, 1, C$11:C$19) | F24: =SQRT((C24-$B$5)^2 + (D24-$C$5)^2)
A25: C2 (ใหม่) | B25: =COUNTIF($H$11:$H$19, 2) | C25: =AVERAGEIF($H$11:$H$19, 2, C$11:C$19) | D25: =AVERAGEIF($H$11:$H$19, 2, D$11:D$19) | E25: =AVERAGEIF($H$11:$H$19, 2, C$11:C$19) | F25: =SQRT((C25-$B$6)^2 + (D25-$C$6)^2)
A26: C3 (ใหม่) | B26: =COUNTIF($H$11:$H$19, 3) | C26: =AVERAGEIF($H$11:$H$19, 3, C$11:C$19) | D26: =AVERAGEIF($H$11:$H$19, 3, D$11:D$19) | E26: =AVERAGEIF($H$11:$H$19, 3, C$11:C$19) | F26: =SQRT((C26-$B$7)^2 + (D26-$C$7)^2)
A28: 【ตารางที่ 3.4: การตรวจสอบและสรุปผลการลู่เข้าของอัลกอริทึม (Convergence Assessment)】
A29: เกณฑ์การตรวจสอบ (Convergence Criteria) | B29: ค่าที่ได้จากการคำนวณ | C29: เกณฑ์การตัดสิน | D29: ผลการประเมิน | E29: ความหมาย
A30: 1. การเปลี่ยนกลุ่มของข้อมูล (Reassignments) | B30: =COUNTIF(J11:J19, "*เปลี่ยนกลุ่ม*") & " จุด" | C30: ต้องเท่ากับ 0 จุด | D30: ผ่าน (ไม่มีจุดใดย้ายกลุ่ม) | E30: คลัสเตอร์คงที่ 100%
A31: 2. การเคลื่อนที่ของ Centroids (Total Shift ΔC) | B31: =F24+F25+F26 | C31: ΔC = 0.0000 | D31: ผ่าน (Centroids หยุดการเคลื่อนที่) | E31: จุดศูนย์กลางนิ่งสนิท
A32: 3. การเปลี่ยนแปลงของ WCSS (ΔWCSS) | B32: ='03_KMeans_Iteration_2'!I20 - I20 | C32: ΔWCSS = 0.0000 | D32: ผ่าน (WCSS คงที่) | E32: ฟังก์ชันเป้าหมายลู่เข้าสู่จุดต่ำสุด
A34: ★ สรุปผลการทดสอบ: อัลกอริทึม K-Means บรรลุภาวะการลู่เข้า (Convergence) โดยสมบูรณ์ในรอบที่ 3 ไม่จำเป็นต้องทำรอบต่อไป

Sheet 05_Analysis_and_Rubric
A1: ตอนที่ 5: คำถามเชิงคิดวิเคราะห์และการประยุกต์ใช้จริง (Conceptual & Business Questions)
A3: 【ข้อที่ 1】 ปัญหาของสเกลข้อมูล (The Scale Dominance Problem) [5 คะแนน]
A4: คำถาม: หากนำข้อมูลดิบของลูกค้าทั้ง 9 คน (อายุ 20-60 ปี และ รายได้ 15,000-65,000 บาท) ไปคำนวณ K-Means โดย 'ไม่ทำ Feature Scaling' จะส่งผลเสียอย่างไรต่อการวัดระยะทางและการจัดกลุ่ม? อธิบายเชิงคณิตศาสตร์อย่างชัดเจน
A5: แนวคำตอบเฉลย:
A6: แนวคำตอบที่สมบูรณ์ (5/5 คะแนน): 1. ในสูตร Euclidean Distance: d = √[(X_age - C_age)² + (X_income - C_income)²] 2. ตัวแปร 'อายุ' มีผลต่างยกกำลังสองสูงสุดเพียง (60 - 20)² = 1,600 3. ในขณะที่ตัวแปร 'รายได้' มีผลต่างยกกำลังสองสูงสุดถึง (65,000 - 15,000)² = 2,500,000,000 (ต่างกันกว่า 1.5 ล้านเท่า!) 4. ผลลัพธ์: ตัวแปรรายได้จะครอบงำ (Dominate) ระยะทางทั้งหมด ทำให้ K-Means จัดกลุ่มตามรายได้เพียงอย่างเดียว และมองไม่เห็นความแตกต่างของอายุเลย 5. การทำ Min-Max Normalization จึงจำเป็นอย่างยิ่งในการปรับทั้งสองแกนให้อยู่ในช่วง [0, 1] เท่ากัน เพื่อให้ทั้งสองฟีเจอร์มีน้ำหนักในการตัดสินใจอย่างยุติธรรม
A8: 【ข้อที่ 2】 การแปลความหมายกลุ่มลูกค้าและกลยุทธ์ทางธุรกิจ (Customer Segmentation Insights) [5 คะแนน]
A9: คำถาม: จากผลลัพธ์การจัดกลุ่มทั้ง 3 กลุ่ม (Cluster 1, 2, 3) ในรอบที่ 3 จงอธิบายคุณลักษณะเด่นของลูกค้าแต่ละกลุ่ม (Customer Persona) พร้อมเสนอแนะผลิตภัณฑ์หรือกลยุทธ์ทางการตลาดที่เหมาะสม 1 กลยุทธ์ต่อกลุ่ม
A10: แนวคำตอบเฉลย:
A11: แนวคำตอบที่สมบูรณ์ (5/5 คะแนน): • กลุ่มที่ 1 (P1, P2, P3): 'First Jobber / วัยเริ่มทำงาน รายได้เริ่มต้น' (อายุเฉลี่ย 24 ปี, รายได้เฉลี่ย 20,000 บ.) → กลยุทธ์: บัตรเครดิตใบแรกค่าธรรมเนียมฟรี, สินเชื่อดิจิทัลผ่อนสินค้าดอกเบี้ยต่ำ, แอปออมเงินอัตโนมัติ • กลุ่มที่ 2 (P4, P5, P6): 'Mid-Career / วัยสร้างครอบครัว รายได้ปานกลาง' (อายุเฉลี่ย 40 ปี, รายได้เฉลี่ย 41,667 บ.) → กลยุทธ์: สินเชื่อบ้าน/รถยนต์, ประกันชีวิตคุ้มครองครอบครัว, กองทุนรวมเพื่อการลดหย่อนภาษี (SSF/RMF) • กลุ่มที่ 3 (P7, P8, P9): 'Senior Wealth / วัยผู้ใหญ่มั่นคง รายได้สูง' (อายุเฉลี่ย 56 ปี, รายได้เฉลี่ย 60,000 บ.) → กลยุทธ์: บริการ Wealth Management / Private Banking, ประกันสุขภาพเหมาจ่ายพรีเมียม, วางแผนส่งต่อมรดก
A13: 【ข้อที่ 3】 ภาวะการลู่เข้าและเงื่อนไขการหยุด (Convergence & Stopping Criteria) [5 คะแนน]
A14: คำถาม: ในการรัน K-Means รอบที่ 3 พบว่าค่า Centroids และการจัดกลุ่มเหมือนกับรอบที่ 2 ทุกประการ จงอธิบายว่าทำไมอัลกอริทึมจึงหยุดทำงาน และหากเขียนโค้ดภาษา Python เอง จะตั้งเงื่อนไขการหยุด (Stopping Criteria) อย่างไรได้บ้าง?
A15: แนวคำตอบเฉลย:
... A18: 【ตารางเกณฑ์การให้คะแนนอย่างละเอียด (Grading Rubric รวม 100 คะแนน)】
A19: ส่วนของข้อสอบ | B19: หัวข้อประเมิน | C19: คะแนนเต็ม | D19: เกณฑ์การได้คะแนนเต็ม | E19: ข้อผิดพลาดที่มักถูกหักคะแนน
A20: ตอนที่ 1 (Scaling) | B20: สถิติ Min, Max, Range | C20: 6 | D20: ใช้สูตร MIN, MAX, และผลต่างได้ถูกต้องทั้ง 2 ตัวแปร | E20: พิมพ์ตัวเลขตรงๆ โดยไม่ใช้สูตร (-2)
A21: ตอนที่ 1 (Scaling) | B21: สูตร Min-Max Normalization | C21: 10 | D21: ใช้สูตร =(X-Min)/Range และตรึง $ เซลล์ Min/Range ถูกต้อง | E21: ไม่ตรึง $ เซลล์ทำให้ลากสูตรแล้วเพี้ยน (-5)
A22: ตอนที่ 1 (Scaling) | B22: พิกัด Initial Centroids (t=0) | C22: 4 | D22: อ้างอิงค่าพิกัดจาก P1, P5, P9 ในตารางที่ทำ Scaling แล้วได้ถูกต้อง | E22: ดึงค่าจากข้อมูลดิบมาใส่โดยไม่ได้ดึงจากสเกล 0-1 (-3)
A23: ตอนที่ 2 (Round 1) | B23: ระยะทาง Euclidean สู่ C1, C2, C3 | C23: 10 | D23: ใช้สูตร =SQRT((X1-$Bx)^2+(X2-$By)^2) ตรึง Centroid ถูกต้อง | E23: ลืมยกกำลังสอง หรือตรึงแถว/หลัก Centroid ผิด (-4)
A24: ตอนที่ 2 (Round 1) | B24: การจัดกลุ่ม Cluster Assignment | C24: 5 | D24: ใช้สูตร IF/AND หรือ MATCH/MIN เพื่อเลือกกลุ่มระยะทางต่ำสุด | E24: จัดกลุ่มผิด หรือไม่ได้ใช้สูตรอัตโนมัติ (-3)
A25: ตอนที่ 2 (Round 1) | B25: การคำนวณ WCSS และ New Centroids | C25: 10 | D25: คำนวณ d_min² และ SUM ถูกต้อง (0.2300) พร้อมเฉลี่ยจุดใหม่ด้วย AVERAGEIF | E25: ลืมยกกำลังสองระยะทางก่อนรวม WCSS (-4)
A26: ตอนที่ 3 (Round 2) | B26: การนำ Centroid ใหม่มาคำนวณต่อ | C26: 10 | D26: ดึง New Centroids จากรอบ 1 มาเป็น Centroid ตั้งต้นของรอบ 2 | E26: นำ Initial Centroid เดิมมาคำนวณซ้ำ (-8)
A27: ตอนที่ 3 (Round 2) | B27: ระยะทาง, การจัดกลุ่ม, WCSS รอบ 2 | C27: 10 | D27: คำนวณระยะทางใหม่ถูกต้อง ได้ WCSS ลดลงเหลือ 0.1067 | E27: คำนวณระยะทางผิด หรือไม่ได้อัปเดต Centroid (-5)
A28: ตอนที่ 3 (Round 2) | B28: การอัปเดต New Centroids รอบ 2 | C28: 5 | D28: คำนวณ New Centroids รอบ 2 ถูกต้อง (C1: 0.1,0.1 | C2: 0.5,0.5333 | C3: 0.9,0.9) | E28: คำนวณค่าเฉลี่ยผิด (-3)
A29: ตอนที่ 4 (Round 3) | B29: การคำนวณรอบ 3 และ WCSS | C29: 10 | D29: คำนวณระยะทางรอบ 3 ถูกต้อง ได้ WCSS = 0.1067 เท่าเดิม | E29: คำนวณผิดพลาด (-5)
A30: ตอนที่ 4 (Round 3) | B30: การตรวจสอบ Convergence | C30: 5 | D30: ตรวจสอบและสรุปครบ 3 มิติ: จุดไม่ย้ายกลุ่ม, ΔC=0, ΔWCSS=0 | E30: สรุปเพียงว่ากลุ่มเหมือนเดิมโดยไม่อ้างอิง Centroid (-2)
A31: ตอนที่ 5 (วิเคราะห์) | B31: ข้อ 1: Scale Dominance Problem | C31: 5 | D31: อธิบายการครอบงำของหน่วยรายได้หลักหมื่นต่ออายุหลักสิบเชิงคณิตศาสตร์ | E31: ตอบไม่ตรงประเด็นหรือไม่พูดถึง Euclidean Distance (-2)
... A33: ตอนที่ 5 (วิเคราะห์) | B33: ข้อ 3: Stopping Criteria | C33: 5 | D33: อธิบายกลไกการลู่เข้าและระบุเงื่อนไขการหยุด 3 ประการได้ชัดเจน | E33: ระบุเงื่อนไขการหยุดไม่ครบถ้วน (-2)
A34: คะแนนรวมทั้งสิ้น: | C34: 100 | D34: ข้อสอบ 5 ตอน ครอบคลุมทั้งทฤษฎี การปฏิบัติการด้วย Excel และการคิดวิเคราะห์เชิงธุรกิจ
